movie_id,substituted_name,description,rating,name,genres
296,,,34864,Pulp Fiction (1994),Comedy Crime Drama
356,Energetic Bump,A man with a low IQ experiences several defining moments in American history and achieves great success despite his limitations.,34457,Forrest Gump (1994),Comedy Drama Romance War
593,Whispers of the Sheep,An FBI trainee seeks the help of a brilliant psychiatrist in order to apprehend a serial killer who skins his victims.,33668,"Silence of the Lambs, The (1991)",Crime Horror Thriller
480,Prehistoric Park,"A group of scientists are invited to a theme park featuring cloned dinosaurs, but things go terribly wrong when a power outage occurs.",32631,Jurassic Park (1993),Action Adventure Sci-Fi Thriller
318,Escape from Jail,"A man serving a life sentence befriends a fellow inmate and finds hope through their bond, despite the harsh realities of prison life.",31126,"Shawshank Redemption, The (1994)",Drama
110,Fierce Heart,A Scottish warrior fights for his country's independence from England in the 13th century.,29154,Braveheart (1995),Action Drama War
457,The Runaway,A man accused of a crime he didn't commit goes on the run to clear his name and bring the real killer to justice.,28951,"Fugitive, The (1993)",Thriller
589,Robo-Judgment,A cyborg is sent back in time to protect a young boy who will one day become the leader of a resistance against an AI-dominated future.,28948,Terminator 2: Judgment Day (1991),Action Sci-Fi
260,Galactic Conflict: Episode IV - A Fresh Hope,A young farm boy joins a rebellion against an evil empire and becomes a key player in a battle to save the galaxy.,28566,Star Wars: Episode IV - A New Hope (a.k.a. Star Wars) (1977),Action Adventure Sci-Fi
150,Space Mission Disaster,"The true story of the Apollo 13 mission, which suffered a catastrophic malfunction in space and became a heroic struggle to bring the crew back to Earth.",27035,Apollo 13 (1995),Adventure Drama
592,,,26996,Batman (1989),Action Crime Sci-Fi Thriller
1,,,26449,Toy Story (1995),Adventure Animation Children Comedy Fantasy
780,,,26042,Independence Day (a.k.a. ID4) (1996),Action Adventure Sci-Fi War
590,,,25912,Dances with Wolves (1990),Adventure Drama Western
527,,,25777,Schindler's List (1993),Drama War
380,,,25381,True Lies (1994),Action Adventure Comedy Romance Thriller
1210,,,25098,Star Wars: Episode VI - Return of the Jedi (1983),Action Adventure Sci-Fi
32,,,24397,12 Monkeys (Twelve Monkeys) (1995),Sci-Fi Thriller
50,,,24037,"Usual Suspects, The (1995)",Crime Mystery Thriller
608,,,23794,Fargo (1996),Comedy Crime Drama Thriller
377,,,23748,Speed (1994),Action Romance Thriller
588,,,23531,Aladdin (1992),Adventure Animation Children Comedy Musical
2571,,,23229,"Matrix, The (1999)",Action Sci-Fi Thriller
1196,,,23091,Star Wars: Episode V - The Empire Strikes Back (1980),Action Adventure Sci-Fi
47,,,22521,Seven (a.k.a. Se7en) (1995),Crime Horror Mystery Thriller
2858,,,22120,American Beauty (1999),Drama
1198,,,21803,Raiders of the Lost Ark (Indiana Jones and the Raiders of the Lost Ark) (1981),Action Adventure
1270,,,21247,Back to the Future (1985),Adventure Comedy Sci-Fi
648,,,21085,Mission: Impossible (1996),Action Adventure Mystery Thriller
344,,,21014,Ace Ventura: Pet Detective (1994),Comedy
364,,,20972,"Lion King, The (1994)",Adventure Animation Children Drama Musical
595,,,19878,Beauty and the Beast (1991),Animation Children Fantasy Musical Romance
858,,,19814,"Godfather, The (1972)",Crime Drama
165,,,19603,Die Hard: With a Vengeance (1995),Action Crime Thriller
2762,,,19400,"Sixth Sense, The (1999)",Drama Mystery Thriller
153,,,19326,Batman Forever (1995),Action Adventure Comedy Crime
597,,,19229,Pretty Woman (1990),Comedy Romance
500,,,19214,Mrs. Doubtfire (1993),Comedy Drama
367,,,19036,"Mask, The (1994)",Action Comedy Crime Fantasy
316,,,18925,Stargate (1994),Action Adventure Sci-Fi
2028,,,18924,Saving Private Ryan (1998),Action Drama War
34,,,18900,Babe (1995),Children Comedy Drama Fantasy
736,,,18801,Twister (1996),Action Adventure Romance Thriller
1580,,,18523,Men in Black (1997),Action Comedy Sci-Fi
349,,,18327,Clear and Present Danger (1994),Action Adventure Thriller
733,,,17964,"Rock, The (1996)",Action Adventure Thriller
231,,,17851,Dumb & Dumber (1994),Comedy
1097,,,17611,E.T. the Extra-Terrestrial (1982),Children Drama Sci-Fi
1240,,,17519,"Terminator, The (1984)",Action Sci-Fi Thriller
587,,,17194,Ghost (1990),Comedy Drama Fantasy Romance Thriller
539,,,16925,Sleepless in Seattle (1993),Comedy Drama Romance
10,,,16918,GoldenEye (1995),Action Adventure Thriller
1265,,,16743,Groundhog Day (1993),Comedy Fantasy Romance
357,,,16523,Four Weddings and a Funeral (1994),Comedy Romance
1197,,,16520,"Princess Bride, The (1987)",Action Adventure Comedy Fantasy Romance
1721,,,16415,Titanic (1997),Drama Romance
2959,,,16334,Fight Club (1999),Action Crime Drama Thriller
1136,,,16242,Monty Python and the Holy Grail (1975),Comedy
329,,,16167,Star Trek: Generations (1994),Action Adventure Drama Sci-Fi
1291,,,16145,Indiana Jones and the Last Crusade (1989),Action Adventure
292,,,16075,Outbreak (1995),Action Drama Sci-Fi Thriller
253,,,16056,Interview with the Vampire: The Vampire Chronicles (1994),Drama Horror
208,,,16023,Waterworld (1995),Action Adventure Sci-Fi
4993,,,15938,"Lord of the Rings: The Fellowship of the Ring, The (2001)",Action Adventure Fantasy
1214,,,15843,Alien (1979),Action Horror Sci-Fi Thriller
1036,,,15790,Die Hard (1988),Action Crime Thriller
2628,,,15744,Star Wars: Episode I - The Phantom Menace (1999),Action Adventure Sci-Fi
1073,,,15638,Willy Wonka & the Chocolate Factory (1971),Children Comedy Fantasy Musical
454,,,15622,"Firm, The (1993)",Drama Thriller
39,,,15504,Clueless (1995),Comedy Romance
541,,,15471,Blade Runner (1982),Adventure Drama Film-Noir Sci-Fi Thriller
3578,,,15457,Gladiator (2000),Action Adventure Drama
2716,,,15453,Ghostbusters (a.k.a. Ghost Busters) (1984),Action Comedy Fantasy Sci-Fi
586,,,15356,Home Alone (1990),Children Comedy
434,,,15241,Cliffhanger (1993),Action Adventure Thriller
1617,,,15018,L.A. Confidential (1997),Crime Film-Noir Mystery Thriller
185,,,14975,"Net, The (1995)",Action Crime Thriller
21,,,14802,Get Shorty (1995),Action Comedy Drama
161,,,14551,Crimson Tide (1995),Drama Thriller War
4306,,,14533,Shrek (2001),Adventure Animation Children Comedy Fantasy Romance
1193,,,14435,One Flew Over the Cuckoo's Nest (1975),Comedy Drama
5952,,,14389,"Lord of the Rings: The Two Towers, The (2002)",Action Adventure Fantasy
339,,,14219,While You Were Sleeping (1995),Comedy Romance
1200,,,14167,Aliens (1986),Action Horror Sci-Fi Thriller
2396,,,14121,Shakespeare in Love (1998),Comedy Drama Romance
288,,,14012,Natural Born Killers (1994),Action Crime Thriller
2997,,,13871,Being John Malkovich (1999),Comedy Drama Fantasy
1527,,,13865,"Fifth Element, The (1997)",Action Adventure Sci-Fi
1704,,,13865,Good Will Hunting (1997),Drama Romance
6,,,13696,Heat (1995),Action Crime Thriller
95,,,13448,Broken Arrow (1996),Action Adventure Thriller
1089,,,13428,Reservoir Dogs (1992),Crime Drama Thriller
141,,,13426,"Birdcage, The (1996)",Comedy
1923,,,13389,There's Something About Mary (1998),Comedy Romance
2683,,,13335,Austin Powers: The Spy Who Shagged Me (1999),Action Adventure Comedy
1221,,,13281,"Godfather: Part II, The (1974)",Crime Drama
25,,,13190,Leaving Las Vegas (1995),Drama Romance
1213,,,13188,Goodfellas (1990),Crime Drama
3793,,,13147,X-Men (2000),Action Adventure Sci-Fi
3996,,,13112,"Crouching Tiger, Hidden Dragon (Wu hu zang long) (2000)",Action Adventure Drama Fantasy
924,,,13061,2001: A Space Odyssey (1968),Adventure Sci-Fi
223,,,13057,Clerks (1994),Comedy
293,,,13042,"Léon: The Professional (Léon) (Professional, The) (1994)",Crime Drama Romance Thriller
4226,,,12891,Memento (2000),Crime Drama Mystery Thriller
111,,,12865,Taxi Driver (1976),Crime Drama Thriller
919,,,12851,"Wizard of Oz, The (1939)",Adventure Children Fantasy Musical
1393,,,12796,Jerry Maguire (1996),Drama Romance
1961,,,12784,Rain Man (1988),Drama
300,,,12726,Quiz Show (1994),Drama
36,,,12689,Dead Man Walking (1995),Crime Drama
912,,,12507,Casablanca (1942),Drama Romance
17,,,12464,Sense and Sensibility (1995),Comedy Drama Romance
7153,,,12366,"Lord of the Rings: The Return of the King, The (2003)",Action Adventure Fantasy
1307,,,12301,When Harry Met Sally... (1989),Comedy Romance
2987,,,12157,Who Framed Roger Rabbit? (1988),Adventure Animation Children Comedy Crime Fantasy Mystery
1387,,,12074,Jaws (1975),Action Horror
2706,,,12069,American Pie (1999),Comedy
2,,,12032,Jumanji (1995),Adventure Children Fantasy
440,,,12017,Dave (1993),Comedy Romance
1610,,,12012,"Hunt for Red October, The (1990)",Action Adventure Thriller
1517,,,12009,Austin Powers: International Man of Mystery (1997),Action Adventure Comedy
62,,,11954,Mr. Holland's Opus (1995),Drama
1784,,,11940,As Good As It Gets (1997),Comedy Drama Romance
1206,,,11925,"Clockwork Orange, A (1971)",Crime Drama Sci-Fi Thriller
2918,,,11806,Ferris Bueller's Day Off (1986),Comedy
778,,,11791,Trainspotting (1996),Comedy Crime Drama
750,,,11774,Dr. Strangelove or: How I Learned to Stop Worrying and Love the Bomb (1964),Comedy War
1208,,,11688,Apocalypse Now (1979),Action Drama War
1682,,,11597,"Truman Show, The (1998)",Drama Fantasy
19,,,11573,Ace Ventura: When Nature Calls (1995),Comedy
3114,,,11533,Toy Story 2 (1999),Adventure Animation Children Comedy Fantasy
474,,,11523,In the Line of Fire (1993),Action Thriller
1259,,,11510,Stand by Me (1986),Adventure Comedy Drama
2916,,,11479,Total Recall (1990),Action Adventure Sci-Fi Thriller
1258,,,11423,"Shining, The (1980)",Horror Thriller
1356,,,11375,Star Trek: First Contact (1996),Action Adventure Sci-Fi Thriller
1101,,,11331,Top Gun (1986),Action Romance
1079,,,11253,"Fish Called Wanda, A (1988)",Comedy Crime
508,,,11246,Philadelphia (1993),Drama
11,,,11239,"American President, The (1995)",Comedy Drama Romance
1584,,,11239,Contact (1997),Drama Sci-Fi
410,,,11224,Addams Family Values (1993),Comedy
1225,,,11118,Amadeus (1984),Drama
1917,,,11046,Armageddon (1998),Action Romance Sci-Fi Thriller
5445,,,11038,Minority Report (2002),Action Crime Mystery Sci-Fi Thriller
2115,,,11020,Indiana Jones and the Temple of Doom (1984),Action Adventure
2355,,,11007,"Bug's Life, A (1998)",Adventure Animation Children Comedy
1220,,,10992,"Blues Brothers, The (1980)",Action Adventure Comedy Musical
1968,,,10932,"Breakfast Club, The (1985)",Comedy Drama
551,,,10928,"Nightmare Before Christmas, The (1993)",Animation Children Fantasy Musical
788,,,10901,"Nutty Professor, The (1996)",Comedy Fantasy Romance Sci-Fi
1222,,,10898,Full Metal Jacket (1987),Drama War
442,,,10861,Demolition Man (1993),Action Adventure Sci-Fi
2174,,,10849,Beetlejuice (1988),Comedy Fantasy
2797,,,10788,Big (1988),Comedy Drama Fantasy Romance
1080,,,10758,Monty Python's Life of Brian (1979),Adventure Comedy
5349,,,10745,Spider-Man (2002),Action Adventure Sci-Fi Thriller
6539,,,10644,Pirates of the Caribbean: The Curse of the Black Pearl (2003),Action Adventure Comedy Fantasy
2291,,,10623,Edward Scissorhands (1990),Comedy Drama Fantasy Romance
1246,,,10604,Dead Poets Society (1989),Drama
2710,,,10593,"Blair Witch Project, The (1999)",Horror Thriller
509,,,10585,"Piano, The (1993)",Drama Romance
4886,,,10577,"Monsters, Inc. (2001)",Animation Children Comedy Fantasy
4963,,,10521,Ocean's Eleven (2001),Comedy Crime Thriller
2012,,,10513,Back to the Future Part III (1990),Comedy Sci-Fi Western
1573,,,10436,Face/Off (1997),Action Crime Drama Thriller
1219,,,10384,Psycho (1960),Horror Thriller
368,,,10349,Maverick (1994),Adventure Comedy Western
337,,,10349,What's Eating Gilbert Grape (1993),Drama
594,,,10339,Snow White and the Seven Dwarfs (1937),Animation Children Drama Fantasy Musical
104,,,10156,Happy Gilmore (1996),Comedy
2011,,,10050,Back to the Future Part II (1989),Action Adventure Comedy Sci-Fi
266,,,10022,Legends of the Fall (1994),Drama Romance War Western
2791,,,10012,Airplane! (1980),Comedy
2502,,,9915,Office Space (1999),Comedy Crime
350,,,9879,"Client, The (1994)",Drama Mystery Thriller
6377,,,9863,Finding Nemo (2003),Adventure Animation Children Comedy
317,,,9827,"Santa Clause, The (1994)",Comedy Drama Fantasy
3147,,,9822,"Green Mile, The (1999)",Crime Drama Fantasy
786,,,9821,Eraser (1996),Action Drama Thriller
2000,,,9808,Lethal Weapon (1987),Action Comedy Crime Drama
353,,,9774,"Crow, The (1994)",Action Crime Fantasy Thriller
1391,,,9771,Mars Attacks! (1996),Action Comedy Sci-Fi
1127,,,9759,"Abyss, The (1989)",Action Adventure Sci-Fi Thriller
235,,,9738,Ed Wood (1994),Comedy Drama
4973,,,9681,"Amelie (Fabuleux destin d'Amélie Poulain, Le) (2001)",Comedy Romance
2700,,,9649,"South Park: Bigger, Longer and Uncut (1999)",Animation Comedy Musical
3897,,,9635,Almost Famous (2000),Adventure Comedy Drama Musical
1732,,,9627,"Big Lebowski, The (1998)",Comedy Crime Mystery Thriller
16,,,9621,Casino (1995),Crime Drama
923,,,9605,Citizen Kane (1941),Drama Mystery
708,,,9604,"Truth About Cats & Dogs, The (1996)",Comedy Romance
4995,,,9575,"Beautiful Mind, A (2001)",Drama Mystery Romance
2329,,,9573,American History X (1998),Crime Drama
4027,,,9445,"O Brother, Where Art Thou? (2000)",Adventure Comedy Crime
1653,,,9437,Gattaca (1997),Drama Sci-Fi Thriller
1374,,,9240,Star Trek II: The Wrath of Khan (1982),Action Adventure Sci-Fi Thriller
2054,,,9230,"Honey, I Shrunk the Kids (1989)",Adventure Children Comedy Fantasy Sci-Fi
1485,,,9222,Liar Liar (1997),Comedy
1407,,,9220,Scream (1996),Comedy Horror Thriller
160,,,9206,Congo (1995),Action Adventure Mystery Sci-Fi
553,,,9195,Tombstone (1993),Action Drama Western
4034,,,9167,Traffic (2000),Crime Drama Thriller
4022,,,9159,Cast Away (2000),Drama
1183,,,9152,"English Patient, The (1996)",Drama Romance War
1247,,,9150,"Graduate, The (1967)",Comedy Drama Romance
420,,,9036,Beverly Hills Cop III (1994),Action Comedy Crime Thriller
1641,,,9019,"Full Monty, The (1997)",Comedy Drama
2617,,,8948,"Mummy, The (1999)",Action Adventure Fantasy Horror Thriller
2640,,,8943,Superman (1978),Action Adventure Sci-Fi
2692,,,8936,Run Lola Run (Lola rennt) (1998),Action Crime Romance
3751,,,8915,Chicken Run (2000),Animation Children Comedy
1304,,,8880,Butch Cassidy and the Sundance Kid (1969),Action Comedy Western
3623,,,8871,Mission: Impossible 2 (2000),Action Thriller
497,,,8851,Much Ado About Nothing (1993),Comedy Romance
6874,,,8848,Kill Bill: Vol. 1 (2003),Action Crime Thriller
2324,,,8842,Life Is Beautiful (La Vita è bella) (1997),Comedy Drama Romance War
1394,,,8839,Raising Arizona (1987),Comedy
904,,,8825,Rear Window (1954),Mystery Thriller
173,,,8794,Judge Dredd (1995),Action Crime Sci-Fi
3408,,,8786,Erin Brockovich (2000),Drama
1288,,,8786,This Is Spinal Tap (1984),Comedy Musical
1090,,,8721,Platoon (1986),Drama War
1380,,,8689,Grease (1978),Comedy Musical Romance
1370,,,8680,Die Hard 2 (1990),Action Adventure Thriller
555,,,8626,True Romance (1993),Action Crime Romance
3977,,,8586,Charlie's Angels (2000),Action Comedy
2194,,,8569,"Untouchables, The (1987)",Action Crime Drama
3481,,,8555,High Fidelity (2000),Comedy Drama Romance
653,,,8551,Dragonheart (1996),Action Adventure Fantasy
832,,,8550,Ransom (1996),Action Crime Drama Thriller
1676,,,8491,Starship Troopers (1997),Action Sci-Fi War
2268,,,8474,"Few Good Men, A (1992)",Crime Drama Thriller
3052,,,8425,Dogma (1999),Adventure Comedy Fantasy
1230,,,8405,Annie Hall (1977),Comedy Romance
908,,,8402,North by Northwest (1959),Adventure Mystery Thriller
7361,,,8393,Eternal Sunshine of the Spotless Mind (2004),Comedy Drama Romance Sci-Fi
1500,,,8380,Grosse Pointe Blank (1997),Comedy Crime Romance Thriller
435,,,8324,Coneheads (1993),Comedy Sci-Fi
1278,,,8297,Young Frankenstein (1974),Action Comedy Horror
784,,,8274,"Cable Guy, The (1996)",Comedy Thriller
920,,,8220,Gone with the Wind (1939),Drama Romance War
1252,,,8211,Chinatown (1974),Crime Film-Noir Mystery Thriller
370,,,8210,Naked Gun 33 1/3: The Final Insult (1994),Action Comedy
1544,,,8190,"Lost World: Jurassic Park, The (Jurassic Park 2) (1997)",Action Adventure Horror Sci-Fi Thriller
2599,,,8179,Election (1999),Comedy
1234,,,8179,"Sting, The (1973)",Comedy Crime
5418,,,8164,"Bourne Identity, The (2002)",Action Thriller
163,,,8161,Desperado (1995),Action Romance Thriller
2712,,,8138,Eyes Wide Shut (1999),Drama
2406,,,8130,Romancing the Stone (1984),Action Adventure Comedy Romance
466,,,8084,Hot Shots! Part Deux (1993),Action Comedy War
7,,,8064,Sabrina (1995),Comedy Romance
520,,,8062,Robin Hood: Men in Tights (1993),Comedy
8961,,,8040,"Incredibles, The (2004)",Action Adventure Animation Children Comedy
1639,,,8020,Chasing Amy (1997),Comedy Drama Romance
3948,,,8012,Meet the Parents (2000),Comedy
432,,,8010,City Slickers II: The Legend of Curly's Gold (1994),Adventure Comedy Western
151,,,7957,Rob Roy (1995),Action Drama Romance War
225,,,7938,Disclosure (1994),Drama Thriller
5378,,,7934,Star Wars: Episode II - Attack of the Clones (2002),Action Adventure Sci-Fi
1148,,,7932,Wallace & Gromit: The Wrong Trousers (1993),Animation Children Comedy Crime
1552,,,7912,Con Air (1997),Action Adventure Thriller
1954,,,7911,Rocky (1976),Action Drama Romance
1608,,,7905,Air Force One (1997),Action Thriller
1625,,,7898,"Game, The (1997)",Adventure Mystery Thriller
2353,,,7891,Enemy of the State (1998),Action Thriller
2699,,,7891,Arachnophobia (1990),Comedy Horror
2302,,,7852,My Cousin Vinny (1992),Comedy
4896,,,7834,Harry Potter and the Sorcerer's Stone (a.k.a. Harry Potter and the Philosopher's Stone) (2001),Adventure Children Fantasy
1207,,,7812,To Kill a Mockingbird (1962),Drama
2081,,,7802,"Little Mermaid, The (1989)",Animation Children Comedy Musical Romance
1266,,,7799,Unforgiven (1992),Drama Western
196,,,7796,Species (1995),Horror Sci-Fi
3,,,7790,Grumpier Old Men (1995),Comedy Romance
1035,,,7787,"Sound of Music, The (1965)",Musical Romance
2985,,,7765,RoboCop (1987),Action Crime Sci-Fi
1358,,,7733,Sling Blade (1996),Drama Thriller
3471,,,7726,Close Encounters of the Third Kind (1977),Adventure Drama Sci-Fi
1028,,,7714,Mary Poppins (1964),Children Comedy Fantasy Musical
3175,,,7713,Galaxy Quest (1999),Adventure Comedy Sci-Fi
2321,,,7655,Pleasantville (1998),Comedy Drama Fantasy
6365,,,7646,"Matrix Reloaded, The (2003)",Action Sci-Fi Thriller
3176,,,7637,"Talented Mr. Ripley, The (1999)",Drama Mystery Thriller
485,,,7624,Last Action Hero (1993),Action Adventure Comedy Fantasy
494,,,7613,Executive Decision (1996),Action Adventure Thriller
5060,,,7605,M*A*S*H (a.k.a. MASH) (1970),Comedy Drama War
112,,,7587,Rumble in the Bronx (Hont faan kui) (1995),Action Adventure Comedy Crime
5989,,,7573,Catch Me If You Can (2002),Crime Drama
7438,,,7555,Kill Bill: Vol. 2 (2004),Action Drama Thriller
2395,,,7548,Rushmore (1998),Comedy Drama
3527,,,7527,Predator (1987),Action Sci-Fi Thriller
1094,,,7527,"Crying Game, The (1992)",Drama Romance War
1233,,,7507,"Boat, The (Das Boot) (1981)",Action Drama War
903,,,7491,Vertigo (1958),Drama Mystery Romance Thriller
953,,,7485,It's a Wonderful Life (1946),Drama Fantasy Romance
2657,,,7483,"Rocky Horror Picture Show, The (1975)",Comedy Horror Musical Sci-Fi
172,,,7473,Johnny Mnemonic (1995),Action Sci-Fi Thriller
802,,,7462,Phenomenon (1996),Drama Romance
4011,,,7456,Snatch (2000),Action Comedy Crime Thriller
265,,,7433,Like Water for Chocolate (Como agua para chocolate) (1992),Drama Romance
1396,,,7424,Sneakers (1992),Action Crime Drama Sci-Fi
1320,,,7408,Alien³ (1992),Action Horror Sci-Fi Thriller
1376,,,7373,Star Trek IV: The Voyage Home (1986),Adventure Comedy Sci-Fi
236,,,7360,French Kiss (1995),Action Comedy Romance
1199,,,7357,Brazil (1985),Comedy Fantasy Romance Sci-Fi
1673,,,7355,Boogie Nights (1997),Drama
1777,,,7345,"Wedding Singer, The (1998)",Comedy Romance
552,,,7334,"Three Musketeers, The (1993)",Action Adventure Comedy
48,,,7313,Pocahontas (1995),Animation Children Musical Romance
6333,,,7312,X2: X-Men United (2003),Action Adventure Sci-Fi Thriller
2542,,,7296,"Lock, Stock & Two Smoking Barrels (1998)",Comedy Crime Thriller
2001,,,7281,Lethal Weapon 2 (1989),Action Comedy Crime Drama
3253,,,7281,Wayne's World (1992),Comedy
168,,,7232,First Knight (1995),Action Drama Romance
2006,,,7231,"Mask of Zorro, The (1998)",Action Adventure Romance
4878,,,7225,Donnie Darko (2001),Drama Mystery Sci-Fi Thriller
543,,,7210,So I Married an Axe Murderer (1993),Comedy Romance Thriller
2529,,,7168,Planet of the Apes (1968),Action Drama Sci-Fi
3081,,,7139,Sleepy Hollow (1999),Fantasy Horror Mystery Romance
5,,,7135,Father of the Bride Part II (1995),Comedy
3753,,,7132,"Patriot, The (2000)",Action Drama War
70,,,7119,From Dusk Till Dawn (1996),Action Comedy Horror Thriller
3994,,,7109,Unbreakable (2000),Drama Sci-Fi Thriller
1201,,,7107,"Good, the Bad and the Ugly, The (Buono, il brutto, il cattivo, Il) (1966)",Action Adventure Western
1997,,,7101,"Exorcist, The (1973)",Horror Mystery
596,,,7100,Pinocchio (1940),Animation Children Fantasy Musical
6711,,,7096,Lost in Translation (2003),Comedy Drama Romance
1377,,,7089,Batman Returns (1992),Action Crime Fantasy Mystery Romance Thriller
1408,,,7073,"Last of the Mohicans, The (1992)",Action Romance War Western
2804,,,7065,"Christmas Story, A (1983)",Children Comedy
158,,,7045,Casper (1995),Adventure Children
1250,,,7021,"Bridge on the River Kwai, The (1957)",Adventure Drama War
3418,,,6992,Thelma & Louise (1991),Action Adventure Comedy Crime Drama Romance
8636,,,6984,Spider-Man 2 (2004),Action Adventure Sci-Fi
282,,,6977,Nell (1994),Drama
58,,,6951,"Postman, The (Postino, Il) (1994)",Comedy Drama Romance
342,,,6947,Muriel's Wedding (1994),Comedy
376,,,6892,"River Wild, The (1994)",Action Thriller
1242,,,6882,Glory (1989),Action Drama War
186,,,6876,Nine Months (1995),Comedy Romance
315,,,6857,"Specialist, The (1994)",Action Drama Thriller
1302,,,6773,Field of Dreams (1989),Drama
1204,,,6773,Lawrence of Arabia (1962),Adventure Drama War
805,,,6771,"Time to Kill, A (1996)",Drama Thriller
1215,,,6768,Army of Darkness (1993),Action Adventure Comedy Fantasy Horror
2671,,,6762,Notting Hill (1999),Comedy Romance
2470,,,6718,Crocodile Dundee (1986),Adventure Comedy
471,,,6706,"Hudsucker Proxy, The (1994)",Comedy Drama Fantasy Romance
2100,,,6697,Splash (1984),Comedy Fantasy Romance
2763,,,6690,"Thomas Crown Affair, The (1999)",Action Mystery
33794,,,6662,Batman Begins (2005),Action Crime
1282,,,6647,Fantasia (1940),Animation Children Fantasy Musical
913,,,6637,"Maltese Falcon, The (1941)",Film-Noir Mystery
2890,,,6629,Three Kings (1999),Action Adventure Comedy Drama War
8360,,,6583,Shrek 2 (2004),Adventure Animation Children Comedy Musical Romance
628,,,6579,Primal Fear (1996),Crime Drama Thriller
145,,,6562,Bad Boys (1995),Action
1674,,,6550,Witness (1985),Drama Romance Thriller
1722,,,6509,Tomorrow Never Dies (1997),Action Romance Thriller
529,,,6505,Searching for Bobby Fischer (1993),Drama
515,,,6499,"Remains of the Day, The (1993)",Drama Romance
1909,,,6497,"X-Files: Fight the Future, The (1998)",Action Crime Mystery Sci-Fi Thriller
5816,,,6488,Harry Potter and the Chamber of Secrets (2002),Adventure Children Fantasy
852,,,6439,Tin Cup (1996),Comedy Drama Romance
246,,,6438,Hoop Dreams (1994),Documentary
1372,,,6402,Star Trek VI: The Undiscovered Country (1991),Action Mystery Sci-Fi
1876,,,6342,Deep Impact (1998),Drama Sci-Fi Thriller
745,,,6332,Wallace & Gromit: A Close Shave (1995),Animation Children Comedy
3448,,,6310,"Good Morning, Vietnam (1987)",Comedy Drama War
3160,,,6247,Magnolia (1999),Drama
22,,,6222,Copycat (1995),Crime Drama Horror Mystery Thriller
345,,,6215,"Adventures of Priscilla, Queen of the Desert, The (1994)",Comedy Drama
252,,,6212,I.Q. (1994),Comedy Romance
1645,,,6169,"Devil's Advocate, The (1997)",Drama Horror Thriller
2167,,,6140,Blade (1998),Action Horror Thriller
1275,,,6127,Highlander (1986),Action Adventure Fantasy
5669,,,6127,Bowling for Columbine (2002),Documentary
4246,,,6120,Bridget Jones's Diary (2001),Comedy Drama Romance
1092,,,6109,Basic Instinct (1992),Mystery Thriller
3033,,,6064,Spaceballs (1987),Comedy Sci-Fi
1276,,,6049,Cool Hand Luke (1967),Drama
1729,,,6046,Jackie Brown (1997),Crime Drama Thriller
1748,,,6044,Dark City (1998),Adventure Fantasy Film-Noir Sci-Fi Thriller
1285,,,6027,Heathers (1989),Comedy
2003,,,6024,Gremlins (1984),Comedy Horror
333,,,6002,Tommy Boy (1995),Comedy
4979,,,6000,"Royal Tenenbaums, The (2001)",Comedy Drama
3421,,,5998,Animal House (1978),Comedy
785,,,5997,Kingpin (1996),Comedy
1375,,,5979,Star Trek III: The Search for Spock (1984),Action Adventure Sci-Fi
2424,,,5974,You've Got Mail (1998),Comedy Romance
1333,,,5955,"Birds, The (1963)",Horror
44,,,5952,Mortal Kombat (1995),Action Adventure Fantasy
2947,,,5946,Goldfinger (1964),Action Adventure Thriller
261,,,5937,Little Women (1994),Drama
1088,,,5928,Dirty Dancing (1987),Drama Musical Romance
1690,,,5923,Alien: Resurrection (1997),Action Horror Sci-Fi
2701,,,5909,Wild Wild West (1999),Action Adventure Comedy Fantasy Sci-Fi Western
52,,,5887,Mighty Aphrodite (1995),Comedy Drama Romance
1747,,,5885,Wag the Dog (1997),Comedy
2407,,,5873,Cocoon (1985),Comedy Sci-Fi
969,,,5852,"African Queen, The (1951)",Adventure Comedy Romance War
32587,,,5851,Sin City (2005),Action Crime Film-Noir Thriller
4308,,,5818,Moulin Rouge (2001),Drama Musical Romance
910,,,5816,Some Like It Hot (1959),Comedy Crime
783,,,5803,"Hunchback of Notre Dame, The (1996)",Animation Children Musical
3949,,,5778,Requiem for a Dream (2000),Drama
1597,,,5769,Conspiracy Theory (1997),Drama Mystery Romance Thriller
2019,,,5751,Seven Samurai (Shichinin no samurai) (1954),Action Drama
1060,,,5686,Swingers (1996),Comedy Drama
105,,,5676,"Bridges of Madison County, The (1995)",Drama Romance
1466,,,5669,Donnie Brasco (1997),Crime Drama
45,,,5652,To Die For (1995),Comedy Drama Thriller
1084,,,5651,Bonnie and Clyde (1967),Crime Drama
661,,,5626,James and the Giant Peach (1996),Animation Children Fantasy Musical
198,,,5604,Strange Days (1995),Action Crime Drama Mystery Sci-Fi Thriller
1262,,,5597,"Great Escape, The (1963)",Action Adventure Drama War
2770,,,5551,Bowfinger (1999),Comedy
585,,,5516,"Brady Bunch Movie, The (1995)",Comedy
762,,,5512,Striptease (1996),Comedy Crime
1263,,,5457,"Deer Hunter, The (1978)",Drama War
3101,,,5457,Fatal Attraction (1987),Drama Thriller
1059,,,5440,William Shakespeare's Romeo + Juliet (1996),Drama Romance
4370,,,5381,A.I. Artificial Intelligence (2001),Adventure Drama Sci-Fi
2023,,,5376,"Godfather: Part III, The (1990)",Action Crime Drama
355,,,5366,"Flintstones, The (1994)",Children Comedy Fantasy
1203,,,5365,12 Angry Men (1957),Drama
4085,,,5352,Beverly Hills Cop (1984),Action Comedy Crime Drama
1569,,,5311,My Best Friend's Wedding (1997),Comedy Romance
224,,,5310,Don Juan DeMarco (1995),Comedy Drama Romance
8368,,,5304,Harry Potter and the Prisoner of Azkaban (2004),Adventure Children Fantasy
3671,,,5298,Blazing Saddles (1974),Comedy Western
6934,,,5290,"Matrix Revolutions, The (2003)",Action Sci-Fi Thriller
1339,,,5274,Dracula (Bram Stoker's Dracula) (1992),Fantasy Horror Romance Thriller
3255,,,5262,"League of Their Own, A (1992)",Comedy Drama
5299,,,5259,My Big Fat Greek Wedding (2002),Comedy Romance
2105,,,5251,Tron (1982),Action Adventure Animation Sci-Fi Thriller
899,,,5249,Singin' in the Rain (1952),Comedy Musical Romance
2572,,,5248,10 Things I Hate About You (1999),Comedy Romance
2455,,,5248,"Fly, The (1986)",Drama Horror Sci-Fi
2005,,,5244,"Goonies, The (1985)",Adventure Children Comedy Fantasy
2161,,,5243,"NeverEnding Story, The (1984)",Adventure Children Fantasy
256,,,5238,Junior (1994),Comedy Sci-Fi
7147,,,5238,Big Fish (2003),Drama Fantasy Romance
475,,,5230,In the Name of the Father (1993),Drama
8665,,,5229,"Bourne Supremacy, The (2004)",Action Adventure Drama Mystery Thriller
5502,,,5229,Signs (2002),Sci-Fi Thriller
2278,,,5225,Ronin (1998),Action Crime Thriller
5218,,,5197,Ice Age (2002),Adventure Animation Children Comedy
3911,,,5195,Best in Show (2000),Comedy
33493,,,5193,Star Wars: Episode III - Revenge of the Sith (2005),Action Adventure Fantasy Sci-Fi
4014,,,5185,Chocolat (2000),Comedy Romance
2080,,,5164,Lady and the Tramp (1955),Animation Children Comedy Musical Romance
1371,,,5156,Star Trek: The Motion Picture (1979),Adventure Sci-Fi
1120,,,5155,"People vs. Larry Flynt, The (1996)",Comedy Drama
1343,,,5147,Cape Fear (1991),Thriller
1293,,,5140,Gandhi (1982),Drama
2336,,,5139,Elizabeth (1998),Drama
1249,,,5124,"Femme Nikita, La (Nikita) (1990)",Action Crime Romance Thriller
2294,,,5123,Antz (1998),Adventure Animation Children Comedy Fantasy
1267,,,5120,"Manchurian Candidate, The (1962)",Crime Thriller War
3755,,,5120,"Perfect Storm, The (2000)",Drama Thriller
673,,,5114,Space Jam (1996),Adventure Animation Children Comedy Fantasy Sci-Fi
914,,,5091,My Fair Lady (1964),Comedy Drama Musical Romance
348,,,5076,Bullets Over Broadway (1994),Comedy
31,,,5071,Dangerous Minds (1995),Drama
1047,,,5060,"Long Kiss Goodnight, The (1996)",Action Drama Thriller
204,,,5026,Under Siege 2: Dark Territory (1995),Action
1228,,,5023,Raging Bull (1980),Drama
272,,,4988,"Madness of King George, The (1994)",Comedy Drama
277,,,4956,Miracle on 34th Street (1994),Drama
2193,,,4930,Willow (1988),Action Adventure Fantasy
2273,,,4876,Rush Hour (1998),Action Comedy Crime Thriller
3717,,,4861,Gone in 60 Seconds (2000),Action Crime
1129,,,4860,Escape from New York (1981),Action Adventure Sci-Fi Thriller
5010,,,4839,Black Hawk Down (2001),Action Drama War
5618,,,4835,Spirited Away (Sen to Chihiro no kamikakushi) (2001),Adventure Animation Children Fantasy
902,,,4834,Breakfast at Tiffany's (1961),Drama Romance
647,,,4810,Courage Under Fire (1996),Drama War
2021,,,4805,Dune (1984),Adventure Sci-Fi
2248,,,4797,Say Anything... (1989),Comedy Drama Romance
2580,,,4784,Go (1999),Comedy Crime
3039,,,4783,Trading Places (1983),Comedy
2058,,,4767,"Negotiator, The (1998)",Action Crime Drama Mystery Thriller
1287,,,4761,Ben-Hur (1959),Action Adventure Drama Romance
2150,,,4760,"Gods Must Be Crazy, The (1980)",Adventure Comedy
1562,,,4756,Batman & Robin (1997),Action Adventure Fantasy Thriller
3256,,,4751,Patriot Games (1992),Action Thriller
4720,,,4725,"Others, The (2001)",Horror Mystery Thriller
2968,,,4723,Time Bandits (1981),Adventure Children Comedy Fantasy
1357,,,4715,Shine (1996),Drama Romance
2289,,,4712,"Player, The (1992)",Comedy Crime Drama
431,,,4712,Carlito's Way (1993),Crime Drama
1953,,,4710,"French Connection, The (1971)",Action Crime Drama Thriller
2539,,,4707,Analyze This (1999),Comedy
1271,,,4703,Fried Green Tomatoes (1991),Drama
2002,,,4699,Lethal Weapon 3 (1992),Action Comedy Crime Drama
1172,,,4698,Cinema Paradiso (Nuovo cinema Paradiso) (1989),Comedy Drama Romance
1022,,,4689,Cinderella (1950),Animation Children Fantasy Musical Romance
372,,,4661,Reality Bites (1994),Comedy Drama Romance
1029,,,4661,Dumbo (1941),Animation Children Drama Musical
2694,,,4659,Big Daddy (1999),Comedy
3006,,,4656,"Insider, The (1999)",Drama Thriller
1994,,,4655,Poltergeist (1982),Drama Fantasy Horror Thriller
24,,,4652,Powder (1995),Drama Sci-Fi
1042,,,4649,That Thing You Do! (1996),Comedy Drama
3499,,,4647,Misery (1990),Drama Horror Thriller
1405,,,4644,Beavis and Butt-Head Do America (1996),Adventure Animation Comedy Crime
1061,,,4641,Sleepers (1996),Thriller
5679,,,4639,"Ring, The (2002)",Drama Horror Mystery Thriller
2490,,,4638,Payback (1999),Action Thriller
7143,,,4638,"Last Samurai, The (2003)",Action Adventure Drama War
5459,,,4634,Men in Black II (2002),Action Comedy Sci-Fi
247,,,4590,Heavenly Creatures (1994),Crime Drama Fantasy Romance Thriller
180,,,4578,Mallrats (1995),Comedy
1912,,,4576,Out of Sight (1998),Comedy Crime Drama Romance Thriller
5377,,,4564,About a Boy (2002),Comedy Drama
4262,,,4561,Scarface (1983),Action Crime Drama
724,,,4557,"Craft, The (1996)",Comedy Drama Fantasy Horror Thriller
610,,,4544,Heavy Metal (1981),Action Adventure Animation Horror Sci-Fi
6502,,,4542,28 Days Later (2002),Horror Sci-Fi
800,,,4529,Lone Star (1996),Drama
1947,,,4511,West Side Story (1961),Drama Musical Romance
2076,,,4506,Blue Velvet (1986),Drama Mystery Thriller
3552,,,4504,Caddyshack (1980),Comedy
1513,,,4502,Romy and Michele's High School Reunion (1997),Comedy
1231,,,4499,"Right Stuff, The (1983)",Drama
468,,,4495,"Englishman Who Went Up a Hill But Came Down a Mountain, The (1995)",Comedy Romance
216,,,4489,Billy Madison (1995),Comedy
1921,,,4488,Pi (1998),Sci-Fi Thriller
838,,,4476,Emma (1996),Comedy Drama Romance
5902,,,4471,Adaptation (2002),Comedy Drama Romance
4025,,,4462,Miss Congeniality (2000),Action Comedy
230,,,4453,Dolores Claiborne (1995),Drama Thriller
3702,,,4449,Mad Max (1979),Action Adventure Sci-Fi
2144,,,4447,Sixteen Candles (1984),Comedy
3703,,,4437,"Road Warrior, The (Mad Max 2) (1981)",Action Adventure Sci-Fi
2078,,,4432,"Jungle Book, The (1967)",Animation Children Comedy Musical
1188,,,4429,Strictly Ballroom (1992),Comedy Romance
1272,,,4428,Patton (1970),Drama War
29,,,4424,"City of Lost Children, The (Cité des enfants perdus, La) (1995)",Adventure Drama Fantasy Mystery Sci-Fi
1345,,,4423,Carrie (1976),Drama Fantasy Horror Thriller
6378,,,4410,"Italian Job, The (2003)",Action Adventure Crime Drama
44191,,,4405,V for Vendetta (2006),Thriller
1918,,,4403,Lethal Weapon 4 (1998),Action Comedy Crime Thriller
2871,,,4394,Deliverance (1972),Adventure Drama Thriller
1962,,,4391,Driving Miss Daisy (1989),Drama
2746,,,4380,Little Shop of Horrors (1986),Comedy Horror Musical
2723,,,4378,Mystery Men (1999),Action Adventure Comedy
2915,,,4372,Risky Business (1983),Comedy
6016,,,4370,City of God (Cidade de Deus) (2002),Action Crime Drama
2541,,,4368,Cruel Intentions (1999),Drama
455,,,4363,Free Willy (1993),Adventure Children Drama
719,,,4360,Multiplicity (1996),Comedy
3082,,,4357,"World Is Not Enough, The (1999)",Action Thriller
720,,,4356,Wallace & Gromit: The Best of Aardman Animation (1996),Adventure Animation Comedy
2427,,,4348,"Thin Red Line, The (1998)",Action Drama War
2641,,,4345,Superman II (1980),Action Adventure Fantasy Sci-Fi
1663,,,4337,Stripes (1981),Comedy War
4848,,,4332,Mulholland Drive (2001),Crime Drama Film-Noir Mystery Thriller
273,,,4326,Frankenstein (Mary Shelley's Frankenstein) (1994),Drama Horror
3108,,,4311,"Fisher King, The (1991)",Comedy Drama Fantasy Romance
2020,,,4303,Dangerous Liaisons (1988),Drama Romance
2724,,,4302,Runaway Bride (1999),Comedy Romance
2064,,,4293,Roger & Me (1989),Comedy Documentary
4447,,,4292,Legally Blonde (2001),Comedy
2605,,,4283,Entrapment (1999),Crime Thriller
4571,,,4279,Bill & Ted's Excellent Adventure (1989),Adventure Comedy Sci-Fi
3785,,,4275,Scary Movie (2000),Comedy Horror
1479,,,4270,"Saint, The (1997)",Action Romance Thriller
849,,,4267,Escape from L.A. (1996),Action Adventure Sci-Fi Thriller
2393,,,4258,Star Trek: Insurrection (1998),Action Drama Romance Sci-Fi
1967,,,4252,Labyrinth (1986),Adventure Children Fantasy
5991,,,4249,Chicago (2002),Comedy Crime Drama Musical
2288,,,4247,"Thing, The (1982)",Action Horror Sci-Fi Thriller
1244,,,4238,Manhattan (1979),Comedy Drama Romance
4643,,,4236,Planet of the Apes (2001),Action Adventure Drama Sci-Fi
2124,,,4236,"Addams Family, The (1991)",Comedy Fantasy Horror
4018,,,4227,What Women Want (2000),Comedy Romance
3072,,,4223,Moonstruck (1987),Comedy Romance
3174,,,4221,Man on the Moon (1999),Comedy Drama
2420,,,4212,"Karate Kid, The (1984)",Drama
5995,,,4212,"Pianist, The (2002)",Drama War
968,,,4202,Night of the Living Dead (1968),Horror Sci-Fi Thriller
3489,,,4186,Hook (1991),Adventure Comedy Fantasy
1367,,,4183,101 Dalmatians (1996),Adventure Children Comedy
2761,,,4182,"Iron Giant, The (1999)",Adventure Animation Children Drama Sci-Fi
6863,,,4176,School of Rock (2003),Comedy Musical
441,,,4162,Dazed and Confused (1993),Comedy
2140,,,4158,"Dark Crystal, The (1982)",Adventure Children Fantasy
2108,,,4157,L.A. Story (1991),Comedy Romance
8622,,,4149,Fahrenheit 9/11 (2004),Documentary
3863,,,4147,"Cell, The (2000)",Drama Horror Thriller
48516,,,4145,"Departed, The (2006)",Crime Drama Thriller
170,,,4141,Hackers (1995),Action Adventure Crime Thriller
1027,,,4139,Robin Hood: Prince of Thieves (1991),Adventure Drama
3210,,,4134,Fast Times at Ridgemont High (1982),Comedy Drama Romance
1179,,,4130,"Grifters, The (1990)",Crime Drama Film-Noir
4361,,,4129,Tootsie (1982),Comedy Romance
3000,,,4125,Princess Mononoke (Mononoke-hime) (1997),Action Adventure Animation Drama Fantasy
1299,,,4123,"Killing Fields, The (1984)",Drama War
4310,,,4118,Pearl Harbor (2001),Action Drama Romance War
2908,,,4112,Boys Don't Cry (1999),Drama
2717,,,4112,Ghostbusters II (1989),Action Comedy Fantasy Horror Sci-Fi
5464,,,4094,Road to Perdition (2002),Crime Drama
3107,,,4080,Backdraft (1991),Action Drama
193,,,4077,Showgirls (1995),Drama
616,,,4074,"Aristocats, The (1970)",Animation Children
1805,,,4066,Wild Things (1998),Crime Drama Mystery Thriller
524,,,4064,Rudy (1993),Drama
237,,,4062,Forget Paris (1995),Comedy Romance
1235,,,4060,Harold and Maude (1971),Comedy Drama Romance
3510,,,4059,Frequency (2000),Drama Thriller
1274,,,4055,Akira (1988),Action Adventure Animation Sci-Fi
306,,,4055,Three Colors: Red (Trois couleurs: Rouge) (1994),Drama
1093,,,4052,"Doors, The (1991)",Drama Musical
8784,,,4041,Garden State (2004),Comedy Drama Romance
6807,,,4035,Monty Python's The Meaning of Life (1983),Comedy
362,,,4016,"Jungle Book, The (1994)",Adventure Children Romance
3361,,,4013,Bull Durham (1988),Comedy Drama Romance
1373,,,4010,Star Trek V: The Final Frontier (1989),Action Sci-Fi
4975,,,4002,Vanilla Sky (2001),Drama Romance Thriller
3752,,,4000,"Me, Myself and Irene (2000)",Adventure Comedy
1037,,,3997,"Lawnmower Man, The (1992)",Action Horror Sci-Fi Thriller
303,,,3979,"Quick and the Dead, The (1995)",Action Adventure Western
531,,,3972,"Secret Garden, The (1993)",Children Drama
8874,,,3964,Shaun of the Dead (2004),Comedy Horror Romance
6537,,,3956,Terminator 3: Rise of the Machines (2003),Action Adventure Sci-Fi
1261,,,3952,Evil Dead II (Dead by Dawn) (1987),Action Comedy Fantasy Horror
319,,,3952,Shallow Grave (1994),Comedy Drama Thriller
1223,,,3947,Wallace & Gromit: A Grand Day Out (1989),Adventure Animation Children Comedy Sci-Fi
3535,,,3940,American Psycho (2000),Comedy Crime Drama Horror Mystery Thriller
1032,,,3933,Alice in Wonderland (1951),Adventure Animation Children Musical
2881,,,3923,Double Jeopardy (1999),Action Thriller
49272,,,3914,Casino Royale (2006),Action Adventure Thriller
3624,,,3877,Shanghai Noon (2000),Action Adventure Comedy Western
4718,,,3869,American Pie 2 (2001),Comedy
5481,,,3858,Austin Powers in Goldmember (2002),Comedy
2352,,,3854,"Big Chill, The (1983)",Comedy Drama
6373,,,3847,Bruce Almighty (2003),Comedy
1077,,,3845,Sleeper (1973),Comedy Sci-Fi
327,,,3845,Tank Girl (1995),Action Comedy Musical Sci-Fi
232,,,3843,Eat Drink Man Woman (Yin shi nan nu) (1994),Comedy Drama Romance
2391,,,3843,"Simple Plan, A (1998)",Crime Drama Thriller
2944,,,3841,"Dirty Dozen, The (1967)",Action Drama War
8644,,,3837,"I, Robot (2004)",Action Adventure Sci-Fi Thriller
3363,,,3836,American Graffiti (1973),Comedy Drama
3386,,,3835,JFK (1991),Drama Mystery Thriller
1960,,,3831,"Last Emperor, The (1987)",Drama
1831,,,3831,Lost in Space (1998),Action Adventure Sci-Fi
2501,,,3823,October Sky (1999),Drama
2145,,,3820,Pretty in Pink (1986),Comedy Drama Romance
4270,,,3814,"Mummy Returns, The (2001)",Action Adventure Horror Thriller
6870,,,3812,Mystic River (2003),Crime Drama Mystery
1321,,,3809,"American Werewolf in London, An (1981)",Comedy Horror Thriller
2359,,,3807,Waking Ned Devine (1998),Comedy
1186,,,3807,"Sex, Lies, and Videotape (1989)",Drama
222,,,3799,Circle of Friends (1995),Drama Romance
2826,,,3798,"13th Warrior, The (1999)",Action Adventure Fantasy Horror Thriller
2160,,,3795,Rosemary's Baby (1968),Drama Horror Thriller
1347,,,3790,"Nightmare on Elm Street, A (1984)",Horror Thriller
866,,,3788,Bound (1996),Crime Drama Romance Thriller
1644,,,3783,I Know What You Did Last Summer (1997),Horror Mystery Thriller
2085,,,3768,One Hundred and One Dalmatians (a.k.a. 101 Dalmatians) (1961),Animation Children Comedy
2094,,,3763,"Rocketeer, The (1991)",Action Adventure Sci-Fi
2581,,,3763,Never Been Kissed (1999),Comedy Romance
8464,,,3760,Super Size Me (2004),Documentary
4776,,,3753,Training Day (2001),Crime Drama Thriller
2707,,,3750,Arlington Road (1999),Thriller
1907,,,3742,Mulan (1998),Adventure Animation Children Comedy Drama
3826,,,3736,Hollow Man (2000),Horror Sci-Fi Thriller
3967,,,3728,Billy Elliot (2000),Drama
2722,,,3727,Deep Blue Sea (1999),Action Sci-Fi Thriller
1882,,,3721,Godzilla (1998),Action Sci-Fi Thriller
1269,,,3717,Arsenic and Old Lace (1944),Comedy Mystery Thriller
4321,,,3714,City Slickers (1991),Adventure Comedy Western
830,,,3713,"First Wives Club, The (1996)",Comedy
30707,,,3710,Million Dollar Baby (2004),Drama
3617,,,3702,Road Trip (2000),Comedy
3916,,,3683,Remember the Titans (2000),Drama
532,,,3683,Serial Mom (1994),Comedy Crime Horror
14,,,3675,Nixon (1995),Drama
307,,,3675,Three Colors: Blue (Trois couleurs: Bleu) (1993),Drama
3868,,,3670,"Naked Gun: From the Files of Police Squad!, The (1988)",Action Comedy Crime Romance
2018,,,3668,Bambi (1942),Animation Children Drama
1296,,,3668,"Room with a View, A (1986)",Comedy Drama Romance
194,,,3664,Smoke (1995),Comedy Drama
2948,,,3663,From Russia with Love (1963),Action Adventure Thriller
3252,,,3656,Scent of a Woman (1992),Drama
2243,,,3652,Broadcast News (1987),Comedy Drama Romance
8798,,,3644,Collateral (2004),Action Crime Drama Thriller
3148,,,3643,"Cider House Rules, The (1999)",Drama
33166,,,3641,Crash (2004),Crime Drama
3555,,,3641,U-571 (2000),Action Thriller
3396,,,3640,"Muppet Movie, The (1979)",Children Comedy Musical
2949,,,3629,Dr. No (1962),Action Adventure Thriller
6218,,,3629,Bend It Like Beckham (2002),Adventure Comedy Drama Romance
2087,,,3625,Peter Pan (1953),Animation Children Fantasy Musical
562,,,3621,Welcome to the Dollhouse (1995),Comedy Drama
671,,,3620,Mystery Science Theater 3000: The Movie (1996),Comedy Sci-Fi
3300,,,3616,Pitch Black (2000),Horror Sci-Fi Thriller
3247,,,3613,Sister Act (1992),Comedy Crime Musical
1378,,,3604,Young Guns (1988),Action Comedy Western
162,,,3599,Crumb (1994),Documentary
4002,,,3595,"Planes, Trains & Automobiles (1987)",Adventure Comedy Drama
2109,,,3591,"Jerk, The (1979)",Comedy
1680,,,3578,Sliding Doors (1998),Drama Romance
3317,,,3576,Wonder Boys (2000),Comedy Drama
46578,,,3576,Little Miss Sunshine (2006),Comedy Drama
6942,,,3571,Love Actually (2003),Comedy Drama Romance
1717,,,3565,Scream 2 (1997),Comedy Horror Thriller
4367,,,3563,Lara Croft: Tomb Raider (2001),Action Adventure
2366,,,3562,King Kong (1933),Action Adventure Horror
1175,,,3560,Delicatessen (1991),Comedy Drama Romance
741,,,3549,Ghost in the Shell (Kôkaku kidôtai) (1995),Animation Sci-Fi
8949,,,3546,Sideways (2004),Adventure Comedy Drama Romance
1292,,,3535,Being There (1979),Comedy Drama
1957,,,3535,Chariots of Fire (1981),Drama
898,,,3534,"Philadelphia Story, The (1940)",Comedy Romance
7090,,,3511,Hero (Ying xiong) (2002),Action Adventure Drama
135,,,3507,Down Periscope (1996),Comedy
1587,,,3503,Conan the Barbarian (1982),Action Adventure
4223,,,3503,Enemy at the Gates (2001),Drama War
799,,,3496,"Frighteners, The (1996)",Comedy Horror Thriller
1586,,,3491,G.I. Jane (1997),Action Drama
79,,,3485,"Juror, The (1996)",Drama Thriller
2953,,,3485,Home Alone 2: Lost in New York (1992),Children Comedy
4816,,,3481,Zoolander (2001),Comedy
4148,,,3479,Hannibal (2001),Horror Thriller
3362,,,3478,Dog Day Afternoon (1975),Comedy Crime Drama
1965,,,3474,Repo Man (1984),Comedy Sci-Fi
2872,,,3473,Excalibur (1981),Adventure Fantasy
1041,,,3461,Secrets & Lies (1996),Drama
1952,,,3460,Midnight Cowboy (1969),Drama
2313,,,3459,"Elephant Man, The (1980)",Drama
40815,,,3452,Harry Potter and the Goblet of Fire (2005),Adventure Fantasy Thriller
3105,,,3445,Awakenings (1990),Drama Mystery
1019,,,3445,"20,000 Leagues Under the Sea (1954)",Adventure Children Fantasy Sci-Fi
1476,,,3439,Private Parts (1997),Comedy Drama
1911,,,3438,Dr. Dolittle (1998),Comedy
2478,,,3432,Three Amigos (1986),Comedy Western
3698,,,3429,"Running Man, The (1987)",Action Adventure Sci-Fi
276,,,3428,Milk Money (1994),Comedy Romance
1020,,,3424,Cool Runnings (1993),Comedy
2231,,,3419,Rounders (1998),Drama
2405,,,3415,"Jewel of the Nile, The (1985)",Action Adventure Comedy Romance
491,,,3413,"Man Without a Face, The (1993)",Drama
5266,,,3412,Panic Room (2002),Thriller
2300,,,3410,"Producers, The (1968)",Comedy Musical
45722,,,3403,Pirates of the Caribbean: Dead Man's Chest (2006),Action Adventure Comedy Fantasy
637,,,3398,Sgt. Bilko (1996),Comedy
535,,,3398,Short Cuts (1993),Drama
1590,,,3397,Event Horizon (1997),Horror Sci-Fi Thriller
107,,,3394,Muppet Treasure Island (1996),Adventure Children Comedy Musical
1104,,,3364,"Streetcar Named Desire, A (1951)",Drama
1884,,,3360,Fear and Loathing in Las Vegas (1998),Adventure Comedy Crime Drama Fantasy
3005,,,3360,"Bone Collector, The (1999)",Thriller
5956,,,3358,Gangs of New York (2002),Crime Drama
2371,,,3358,Fletch (1985),Comedy Crime Mystery
7254,,,3356,"Butterfly Effect, The (2004)",Drama Sci-Fi Thriller
743,,,3356,Spy Hard (1996),Comedy
3301,,,3354,"Whole Nine Yards, The (2000)",Comedy Crime
1409,,,3352,Michael (1996),Comedy Drama Fantasy Romance
60,,,3344,"Indian in the Cupboard, The (1995)",Adventure Children Fantasy
3354,,,3344,Mission to Mars (2000),Sci-Fi
2394,,,3343,"Prince of Egypt, The (1998)",Animation Musical
1449,,,3341,Waiting for Guffman (1996),Comedy
207,,,3336,"Walk in the Clouds, A (1995)",Drama Romance
2688,,,3336,"General's Daughter, The (1999)",Drama Thriller
6947,,,3332,Master and Commander: The Far Side of the World (2003),Action Adventure Drama War
1095,,,3327,Glengarry Glen Ross (1992),Drama
4446,,,3316,Final Fantasy: The Spirits Within (2001),Adventure Animation Fantasy Sci-Fi
1411,,,3305,Hamlet (1996),Crime Drama Romance
1635,,,3303,"Ice Storm, The (1997)",Drama
2369,,,3302,Desperately Seeking Susan (1985),Comedy Drama Romance
4638,,,3299,Jurassic Park III (2001),Action Adventure Sci-Fi
4369,,,3298,"Fast and the Furious, The (2001)",Action Crime Thriller
1385,,,3294,Under Siege (1992),Action Drama Thriller
1441,,,3293,Benny & Joon (1993),Comedy Romance
748,,,3292,"Arrival, The (1996)",Action Sci-Fi Thriller
5013,,,3287,Gosford Park (2001),Comedy Drama Mystery
1438,,,3280,Dante's Peak (1997),Action Thriller
3020,,,3278,Falling Down (1993),Action Drama
4239,,,3270,Blow (2001),Drama
2951,,,3268,"Fistful of Dollars, A (Per un pugno di dollari) (1964)",Action Western
1212,,,3265,"Third Man, The (1949)",Film-Noir Mystery Thriller
922,,,3255,Sunset Blvd. (a.k.a. Sunset Boulevard) (1950),Drama Film-Noir Romance
413,,,3255,Airheads (1994),Comedy
1298,,,3245,Pink Floyd: The Wall (1982),Drama Musical War
5388,,,3245,Insomnia (2002),Action Crime Drama Mystery Thriller
1253,,,3239,"Day the Earth Stood Still, The (1951)",Drama Sci-Fi Thriller
203,,,3234,"To Wong Foo, Thanks for Everything! Julie Newmar (1995)",Comedy
994,,,3227,Big Night (1996),Comedy Drama
382,,,3224,Wolf (1994),Drama Horror Romance Thriller
2096,,,3219,Sleeping Beauty (1959),Animation Children Musical
538,,,3219,Six Degrees of Separation (1993),Drama
2616,,,3209,Dick Tracy (1990),Action Crime
1982,,,3206,Halloween (1978),Horror
280,,,3204,Murder in the First (1995),Drama Thriller
1779,,,3202,Sphere (1998),Sci-Fi Thriller
140,,,3202,Up Close and Personal (1996),Drama Romance
3556,,,3201,"Virgin Suicides, The (1999)",Drama Mystery
2795,,,3200,Vacation (1983),Comedy
880,,,3195,"Island of Dr. Moreau, The (1996)",Sci-Fi Thriller
3798,,,3189,What Lies Beneath (2000),Thriller
35836,,,3181,"40 Year Old Virgin, The (2005)",Comedy Romance
30749,,,3181,Hotel Rwanda (2004),Drama War
3257,,,3167,"Bodyguard, The (1992)",Drama Romance Thriller
1103,,,3162,Rebel Without a Cause (1955),Drama
2421,,,3158,"Karate Kid Part II, The (1986)",Action Adventure Drama
4734,,,3153,Jay and Silent Bob Strike Back (2001),Comedy
2067,,,3147,Doctor Zhivago (1965),Drama Romance War
4874,,,3146,K-PAX (2001),Drama Fantasy Mystery Sci-Fi
3424,,,3145,Do the Right Thing (1989),Comedy Drama
2686,,,3143,"Red Violin, The (Violon rouge, Le) (1998)",Drama Mystery
1883,,,3141,Bulworth (1998),Comedy Drama Romance
249,,,3137,Immortal Beloved (1994),Drama Romance
1185,,,3128,My Left Foot (1989),Drama
2431,,,3123,Patch Adams (1998),Comedy Drama
1245,,,3109,Miller's Crossing (1990),Crime Drama Film-Noir Thriller
3273,,,3108,Scream 3 (2000),Comedy Horror Thriller
3608,,,3098,Pee-wee's Big Adventure (1985),Comedy
3060,,,3096,"Commitments, The (1991)",Comedy Drama Musical
3104,,,3092,Midnight Run (1988),Action Adventure Comedy Crime
546,,,3088,Super Mario Bros. (1993),Action Adventure Children Comedy Fantasy Sci-Fi
1257,,,3085,Better Off Dead... (1985),Comedy Romance
2013,,,3083,"Poseidon Adventure, The (1972)",Action Adventure Drama
361,,,3067,It Could Happen to You (1994),Comedy Drama Romance
2134,,,3066,Weird Science (1985),Comedy Fantasy Sci-Fi
1256,,,3053,Duck Soup (1933),Comedy Musical
534,,,3048,Shadowlands (1993),Drama Romance
8970,,,3043,Finding Neverland (2004),Drama
1801,,,3041,"Man in the Iron Mask, The (1998)",Action Adventure Drama
383,,,3040,Wyatt Earp (1994),Western
4019,,,3036,Finding Forrester (2000),Drama
481,,,3034,Kalifornia (1993),Drama Thriller
916,,,3033,Roman Holiday (1953),Comedy Romance
2423,,,3032,Christmas Vacation (1989),Comedy
540,,,3029,Sliver (1993),Thriller
30793,,,3029,Charlie and the Chocolate Factory (2005),Adventure Children Comedy Fantasy
1049,,,3028,"Ghost and the Darkness, The (1996)",Action Adventure
3809,,,3028,What About Bob? (1991),Comedy
4641,,,3026,Ghost World (2001),Comedy Drama
2232,,,3019,Cube (1997),Horror Mystery Sci-Fi Thriller
3100,,,3018,"River Runs Through It, A (1992)",Drama
1499,,,3012,Anaconda (1997),Action Adventure Thriller
3450,,,3008,Grumpy Old Men (1993),Comedy
2137,,,3007,Charlotte's Web (1973),Animation Children
379,,,3006,Timecop (1994),Action Sci-Fi Thriller
2378,,,3000,Police Academy (1984),Comedy Crime
4344,,,3000,Swordfish (2001),Action Crime Drama
2335,,,2999,"Waterboy, The (1998)",Comedy
2788,,,2997,Monty Python's And Now for Something Completely Different (1971),Comedy
308,,,2994,Three Colors: White (Trois couleurs: Blanc) (1994),Comedy Drama
1958,,,2992,Terms of Endearment (1983),Comedy Drama
1945,,,2990,On the Waterfront (1954),Crime Drama
2428,,,2990,"Faculty, The (1998)",Horror Sci-Fi
1086,,,2988,Dial M for Murder (1954),Mystery Thriller
3275,,,2986,"Boondock Saints, The (2000)",Action Comedy Crime Drama Thriller
41,,,2981,Richard III (1995),Drama War
2739,,,2980,"Color Purple, The (1985)",Drama
48394,,,2980,Pan's Labyrinth (El Laberinto del fauno) (2006),Drama Fantasy Thriller
1284,,,2980,"Big Sleep, The (1946)",Crime Film-Noir Mystery
514,,,2977,"Ref, The (1994)",Comedy
1589,,,2974,Cop Land (1997),Action Crime Drama Thriller
3263,,,2964,White Men Can't Jump (1992),Comedy Drama
381,,,2963,When a Man Loves a Woman (1994),Drama
2125,,,2963,Ever After: A Cinderella Story (1998),Comedy Drama Fantasy Romance
2485,,,2958,She's All That (1999),Comedy Romance
1100,,,2958,Days of Thunder (1990),Action Drama Romance
954,,,2955,Mr. Smith Goes to Washington (1939),Drama
1125,,,2940,"Return of the Pink Panther, The (1975)",Comedy Crime
707,,,2938,Mulholland Falls (1996),Crime Drama Thriller
3704,,,2926,Mad Max Beyond Thunderdome (1985),Action Adventure Sci-Fi
227,,,2917,Drop Zone (1994),Action Thriller
3745,,,2912,Titan A.E. (2000),Action Adventure Animation Sci-Fi
2600,,,2908,eXistenZ (1999),Action Sci-Fi Thriller
4128,,,2907,"Lost Boys, The (1987)",Comedy Horror Thriller
3697,,,2902,Predator 2 (1990),Action Sci-Fi Thriller
18,,,2896,Four Rooms (1995),Comedy Drama Thriller
1254,,,2891,"Treasure of the Sierra Madre, The (1948)",Action Adventure Drama Western
34162,,,2889,Wedding Crashers (2005),Comedy Romance
144,,,2888,"Brothers McMullen, The (1995)",Comedy
338,,,2887,Virtuosity (1995),Action Sci-Fi Thriller
2528,,,2884,Logan's Run (1976),Action Adventure Sci-Fi
1025,,,2872,"Sword in the Stone, The (1963)",Animation Children Fantasy Musical
4701,,,2871,Rush Hour 2 (2001),Action Comedy
3526,,,2868,Parenthood (1989),Comedy Drama
48385,,,2867,Borat: Cultural Learnings of America for Make Benefit Glorious Nation of Kazakhstan (2006),Comedy
3988,,,2865,How the Grinch Stole Christmas (a.k.a. The Grinch) (2000),Children Comedy Fantasy
477,,,2863,What's Love Got to Do with It? (1993),Drama Musical
2333,,,2862,Gods and Monsters (1998),Drama
4901,,,2858,Spy Game (2001),Action Crime Drama Thriller
4299,,,2856,"Knight's Tale, A (2001)",Action Adventure Comedy
1556,,,2851,Speed 2: Cruise Control (1997),Action Romance Thriller
1350,,,2849,"Omen, The (1976)",Drama Horror
1711,,,2846,Midnight in the Garden of Good and Evil (1997),Comedy Crime Drama Mystery
8376,,,2843,Napoleon Dynamite (2004),Comedy
3087,,,2842,Scrooged (1988),Comedy Fantasy Romance
2116,,,2837,"Lord of the Rings, The (1978)",Adventure Animation Children Fantasy
2409,,,2836,Rocky II (1979),Action Drama
41566,,,2831,"Chronicles of Narnia: The Lion, the Witch and the Wardrobe, The (2005)",Action Adventure Children Fantasy
164,,,2824,Devil in a Blue Dress (1995),Crime Film-Noir Mystery Thriller
836,,,2823,Chain Reaction (1996),Action Adventure Thriller
2046,,,2821,Flight of the Navigator (1986),Adventure Children Sci-Fi
48780,,,2808,"Prestige, The (2006)",Drama Mystery Thriller
1283,,,2805,High Noon (1952),Western
4855,,,2804,Dirty Harry (1971),Action Crime Drama Thriller
3113,,,2803,End of Days (1999),Action Thriller
1591,,,2803,Spawn (1997),Action Adventure Sci-Fi Thriller
2245,,,2802,Working Girl (1988),Comedy Drama Romance
51662,,,2797,300 (2007),Action Fantasy War
1124,,,2792,On Golden Pond (1981),Drama
2384,,,2788,Babe: Pig in the City (1998),Children Comedy
412,,,2781,"Age of Innocence, The (1993)",Drama
1959,,,2776,Out of Africa (1985),Drama Romance
5945,,,2768,About Schmidt (2002),Comedy Drama
1224,,,2762,Henry V (1989),Drama War
1678,,,2761,"Joy Luck Club, The (1993)",Drama
1885,,,2760,"Opposite of Sex, The (1998)",Comedy Drama
3098,,,2759,"Natural, The (1984)",Drama
34048,,,2758,War of the Worlds (2005),Action Adventure Sci-Fi Thriller
737,,,2757,Barb Wire (1996),Action Sci-Fi
1834,,,2754,"Spanish Prisoner, The (1997)",Crime Drama Mystery Thriller
5673,,,2749,Punch-Drunk Love (2002),Comedy Drama Romance Thriller
2471,,,2746,Crocodile Dundee II (1988),Action Adventure Comedy
371,,,2745,"Paper, The (1994)",Comedy Drama
1091,,,2737,Weekend at Bernie's (1989),Comedy
3254,,,2736,Wayne's World 2 (1993),Comedy
1614,,,2736,In & Out (1997),Comedy
2010,,,2733,Metropolis (1927),Drama Romance Sci-Fi Thriller
3893,,,2733,Nurse Betty (2000),Comedy Crime Drama Romance Thriller
86,,,2732,White Squall (1996),Adventure Drama
2340,,,2731,Meet Joe Black (1998),Romance
3969,,,2730,Pay It Forward (2000),Children Drama
5015,,,2728,Monster's Ball (2001),Drama Romance
2467,,,2728,"Name of the Rose, The (Der Name der Rose) (1986)",Crime Drama Mystery Thriller
837,,,2722,Matilda (1996),Children Comedy Fantasy
2133,,,2719,Adventures in Babysitting (1987),Adventure Comedy
3827,,,2715,Space Cowboys (2000),Action Adventure Comedy Sci-Fi
428,,,2713,"Bronx Tale, A (1993)",Drama
218,,,2713,Boys on the Side (1995),Comedy Drama
4016,,,2709,"Emperor's New Groove, The (2000)",Adventure Animation Children Comedy Fantasy
5630,,,2706,Red Dragon (2002),Crime Mystery Thriller
930,,,2705,Notorious (1946),Film-Noir Romance Thriller
2986,,,2703,RoboCop 2 (1990),Action Crime Sci-Fi
7458,,,2702,Troy (2004),Action Adventure Drama War
3285,,,2693,"Beach, The (2000)",Adventure Drama
2126,,,2691,Snake Eyes (1998),Action Crime Mystery Thriller
2403,,,2689,First Blood (Rambo: First Blood) (1982),Action Drama Thriller
2662,,,2688,"War of the Worlds, The (1953)",Action Drama Horror Sci-Fi Thriller
1416,,,2687,Evita (1996),Drama Musical
1894,,,2682,Six Days Seven Nights (1998),Adventure Comedy Romance
3438,,,2681,Teenage Mutant Ninja Turtles (1990),Action Children Comedy Fantasy Sci-Fi
88,,,2680,Black Sheep (1996),Comedy
909,,,2679,"Apartment, The (1960)",Comedy Drama Romance
2410,,,2676,Rocky III (1982),Action Drama
1955,,,2674,Kramer Vs. Kramer (1979),Drama
2186,,,2665,Strangers on a Train (1951),Crime Drama Film-Noir Thriller
1248,,,2665,Touch of Evil (1958),Crime Film-Noir Thriller
215,,,2665,Before Sunrise (1995),Drama Romance
2642,,,2658,Superman III (1983),Action Adventure Sci-Fi
3168,,,2658,Easy Rider (1969),Adventure Drama
915,,,2655,Sabrina (1954),Comedy Romance
54286,,,2648,"Bourne Ultimatum, The (2007)",Action Adventure Mystery Thriller
2719,,,2647,"Haunting, The (1999)",Horror Thriller
2840,,,2642,Stigmata (1999),Drama Thriller
765,,,2642,Jack (1996),Comedy Drama
100,,,2640,City Hall (1996),Drama Thriller
519,,,2635,RoboCop 3 (1993),Crime Sci-Fi Thriller
48774,,,2634,Children of Men (2006),Action Adventure Drama Sci-Fi Thriller
2687,,,2632,Tarzan (1999),Animation Children
933,,,2631,To Catch a Thief (1955),Crime Mystery Romance Thriller
1217,,,2627,Ran (1985),Drama War
1297,,,2627,Real Genius (1985),Comedy
374,,,2626,Richie Rich (1994),Children Comedy
2664,,,2625,Invasion of the Body Snatchers (1956),Horror Sci-Fi Thriller
419,,,2620,"Beverly Hillbillies, The (1993)",Comedy
314,,,2617,"Secret of Roan Inish, The (1994)",Children Drama Fantasy Mystery
65,,,2612,Bio-Dome (1996),Comedy
5872,,,2605,Die Another Day (2002),Action Adventure Thriller
41569,,,2602,King Kong (2005),Action Adventure Drama Fantasy Thriller
58559,,,2598,"Dark Knight, The (2008)",Action Crime Drama IMAX
6188,,,2598,Old School (2003),Comedy
1835,,,2594,City of Angels (1998),Drama Fantasy Romance
3683,,,2592,Blood Simple (1984),Crime Drama Film-Noir
3740,,,2591,Big Trouble in Little China (1986),Action Adventure Comedy Fantasy
2991,,,2590,Live and Let Die (1973),Action Adventure Thriller
175,,,2588,Kids (1995),Drama
1566,,,2585,Hercules (1997),Adventure Animation Children Comedy Musical
6953,,,2584,21 Grams (2003),Drama Mystery Romance
2841,,,2582,Stir of Echoes (1999),Thriller
3409,,,2580,Final Destination (2000),Drama Thriller
2402,,,2578,Rambo: First Blood Part II (1985),Action War
2728,,,2577,Spartacus (1960),Action Drama Romance War
1956,,,2574,Ordinary People (1980),Drama
1344,,,2573,Cape Fear (1962),Thriller
3504,,,2573,Network (1976),Comedy Drama
1693,,,2571,Amistad (1997),Drama
